{"targets": {"/home/miniharambi/Desktop/Kalk/Kalkulaator_GTK4/builddir/data/org.github.kalkulaator.desktop": {"destination": "{prefix}/share/applications/org.github.kalkulaator.desktop", "tag": null}, "/home/miniharambi/Desktop/Kalk/Kalkulaator_GTK4/builddir/data/org.github.kalkulaator.appdata.xml": {"destination": "{prefix}/share/appdata/org.github.kalkulaator.appdata.xml", "tag": null}, "/home/miniharambi/Desktop/Kalk/Kalkulaator_GTK4/builddir/src/kalkulaator": {"destination": "{bindir}/kalkulaator", "tag": "runtime"}}, "data": {"/home/miniharambi/Desktop/Kalk/Kalkulaator_GTK4/data/org.github.kalkulaator.gschema.xml": {"destination": "{datadir}/share/glib-2.0/schemas/org.github.kalkulaator.gschema.xml", "tag": null}, "/home/miniharambi/Desktop/Kalk/Kalkulaator_GTK4/data/icons/hicolor/scalable/apps/org.github.kalkulaator.svg": {"destination": "{datadir}/share/icons/hicolor/scalable/apps/org.github.kalkulaator.svg", "tag": null}, "/home/miniharambi/Desktop/Kalk/Kalkulaator_GTK4/data/icons/hicolor/symbolic/apps/org.github.kalkulaator-symbolic.svg": {"destination": "{datadir}/share/icons/hicolor/symbolic/apps/org.github.kalkulaator-symbolic.svg", "tag": null}}}