[{"name": "gtk4", "version": "4.6.9", "compile_args": ["-mfpmath=sse", "-msse", "-msse2", "-pthread", "-I/usr/include/gtk-4.0", "-I/usr/include/gio-unix-2.0", "-I/usr/include/cairo", "-I/usr/include/pango-1.0", "-I/usr/include/harfbuzz", "-I/usr/include/pango-1.0", "-I/usr/include/fribidi", "-I/usr/include/harfbuzz", "-I/usr/include/gdk-pixbuf-2.0", "-I/usr/include/x86_64-linux-gnu", "-I/usr/include/cairo", "-I/usr/include/pixman-1", "-I/usr/include/uuid", "-I/usr/include/freetype2", "-I/usr/include/libpng16", "-I/usr/include/graphene-1.0", "-I/usr/lib/x86_64-linux-gnu/graphene-1.0/include", "-I/usr/include/libmount", "-I/usr/include/blkid", "-I/usr/include/glib-2.0", "-I/usr/lib/x86_64-linux-gnu/glib-2.0/include"], "link_args": ["/usr/lib/x86_64-linux-gnu/libgtk-4.so", "/usr/lib/x86_64-linux-gnu/libpangocairo-1.0.so", "/usr/lib/x86_64-linux-gnu/libpango-1.0.so", "/usr/lib/x86_64-linux-gnu/libharfbuzz.so", "/usr/lib/x86_64-linux-gnu/libgdk_pixbuf-2.0.so", "/usr/lib/x86_64-linux-gnu/libcairo-gobject.so", "/usr/lib/x86_64-linux-gnu/libcairo.so", "/usr/lib/x86_64-linux-gnu/libgraphene-1.0.so", "/usr/lib/x86_64-linux-gnu/libgio-2.0.so", "/usr/lib/x86_64-linux-gnu/libgobject-2.0.so", "/usr/lib/x86_64-linux-gnu/libglib-2.0.so"]}, {"name": "gio-2.0", "version": "2.72.4", "compile_args": ["-pthread", "-I/usr/include/libmount", "-I/usr/include/blkid", "-I/usr/include/glib-2.0", "-I/usr/lib/x86_64-linux-gnu/glib-2.0/include"], "link_args": ["/usr/lib/x86_64-linux-gnu/libgio-2.0.so", "/usr/lib/x86_64-linux-gnu/libgobject-2.0.so", "/usr/lib/x86_64-linux-gnu/libglib-2.0.so"]}]