[{"name": "org.github.kalkulaator.desktop", "id": "3a6eb07@@org.github.kalkulaator.desktop@cus", "type": "custom", "defined_in": "/home/miniharambi/Desktop/Kalk/Kalkulaator_GTK4/data/meson.build", "filename": ["/home/miniharambi/Desktop/Kalk/Kalkulaator_GTK4/builddir/data/org.github.kalkulaator.desktop"], "build_by_default": true, "target_sources": [{"language": "unknown", "compiler": ["/usr/bin/meson", "--internal", "msgfmthelper", "@INPUT@", "@OUTPUT@", "desktop", "../data/../po"], "parameters": [], "sources": ["/home/miniharambi/Desktop/Kalk/Kalkulaator_GTK4/org.github.kalkulaator.desktop.in"], "generated_sources": []}], "extra_files": [], "subproject": null, "installed": true, "install_filename": ["/usr/local/share/applications/org.github.kalkulaator.desktop"]}, {"name": "org.github.kalkulaator.appdata.xml", "id": "3a6eb07@@org.github.kalkulaator.appdata.xml@cus", "type": "custom", "defined_in": "/home/miniharambi/Desktop/Kalk/Kalkulaator_GTK4/data/meson.build", "filename": ["/home/miniharambi/Desktop/Kalk/Kalkulaator_GTK4/builddir/data/org.github.kalkulaator.appdata.xml"], "build_by_default": true, "target_sources": [{"language": "unknown", "compiler": ["/usr/bin/meson", "--internal", "msgfmthelper", "@INPUT@", "@OUTPUT@", "xml", "../data/../po"], "parameters": [], "sources": ["/home/miniharambi/Desktop/Kalk/Kalkulaator_GTK4/org.github.kalkulaator.appdata.xml.in"], "generated_sources": []}], "extra_files": [], "subproject": null, "installed": true, "install_filename": ["/usr/local/share/appdata/org.github.kalkulaator.appdata.xml"]}, {"name": "kalkulaator-resources_c", "id": "25a6634@@kalkulaator-resources_c@cus", "type": "custom", "defined_in": "/home/miniharambi/Desktop/Kalk/Kalkulaator_GTK4/src/meson.build", "filename": ["/home/miniharambi/Desktop/Kalk/Kalkulaator_GTK4/builddir/src/kalkulaator-resources.c"], "build_by_default": true, "target_sources": [{"language": "unknown", "compiler": ["/usr/bin/glib-compile-resources", "@INPUT@", "--sourcedir", "../src", "--c-name", "kalkulaator", "--internal", "--generate", "--target", "@OUTPUT@", "--dependency-file", "@DEPFILE@"], "parameters": [], "sources": ["/home/miniharambi/Desktop/Kalk/Kalkulaator_GTK4/kalkulaator.gresource.xml"], "generated_sources": []}], "extra_files": [], "subproject": null, "installed": false}, {"name": "kalkulaator-resources_h", "id": "25a6634@@kalkulaator-resources_h@cus", "type": "custom", "defined_in": "/home/miniharambi/Desktop/Kalk/Kalkulaator_GTK4/src/meson.build", "filename": ["/home/miniharambi/Desktop/Kalk/Kalkulaator_GTK4/builddir/src/kalkulaator-resources.h"], "build_by_default": true, "target_sources": [{"language": "unknown", "compiler": ["/usr/bin/glib-compile-resources", "@INPUT@", "--sourcedir", "../src", "--c-name", "kalkulaator", "--internal", "--generate", "--target", "@OUTPUT@"], "parameters": [], "sources": ["/home/miniharambi/Desktop/Kalk/Kalkulaator_GTK4/kalkulaator.gresource.xml"], "generated_sources": []}], "extra_files": [], "subproject": null, "installed": false}, {"name": "kalkulaator", "id": "25a6634@@kalkulaator@exe", "type": "executable", "defined_in": "/home/miniharambi/Desktop/Kalk/Kalkulaator_GTK4/src/meson.build", "filename": ["/home/miniharambi/Desktop/Kalk/Kalkulaator_GTK4/builddir/src/kalkulaator"], "build_by_default": true, "target_sources": [{"language": "c", "compiler": ["cc"], "parameters": ["-I/home/miniharambi/Desktop/Kalk/Kalkulaator_GTK4/builddir/src/kalkulaator.p", "-I/home/miniharambi/Desktop/Kalk/Kalkulaator_GTK4/builddir/src", "-I/home/miniharambi/Desktop/Kalk/Kalkulaator_GTK4/src", "-I/usr/include/gtk-4.0", "-I/usr/include/gio-unix-2.0", "-I/usr/include/cairo", "-I/usr/include/pango-1.0", "-I/usr/include/harfbuzz", "-I/usr/include/fribidi", "-I/usr/include/gdk-pixbuf-2.0", "-I/usr/include/x86_64-linux-gnu", "-I/usr/include/pixman-1", "-I/usr/include/uuid", "-I/usr/include/freetype2", "-I/usr/include/libpng16", "-I/usr/include/graphene-1.0", "-I/usr/lib/x86_64-linux-gnu/graphene-1.0/include", "-I/usr/include/libmount", "-I/usr/include/blkid", "-I/usr/include/glib-2.0", "-I/usr/lib/x86_64-linux-gnu/glib-2.0/include", "-I/home/miniharambi/Desktop/Kalk/Kalkulaator_GTK4/builddir", "-fdiagnostics-color=always", "-D_FILE_OFFSET_BITS=64", "-Wall", "-Winvalid-pch", "-Wextra", "-Wpedantic", "-std=c11", "-g", "-mfpmath=sse", "-msse", "-msse2", "-pthread"], "sources": ["/home/miniharambi/Desktop/Kalk/Kalkulaator_GTK4/src/main.c", "/home/miniharambi/Desktop/Kalk/Kalkulaator_GTK4/src/kalkulaator-window.c", "/home/miniharambi/Desktop/Kalk/Kalkulaator_GTK4/src/kalkulaator-application.c", "/home/miniharambi/Desktop/Kalk/Kalkulaator_GTK4/src/kalkulaator-calc.c", "/home/miniharambi/Desktop/Kalk/Kalkulaator_GTK4/src/programming-window.c"], "generated_sources": ["/home/miniharambi/Desktop/Kalk/Kalkulaator_GTK4/builddir/src/kalkulaator-resources.c"]}], "extra_files": [], "subproject": null, "installed": true, "install_filename": ["/usr/local/bin/kalkulaator"]}, {"name": "kalkulaator-pot", "id": "6199aec@@kalkulaator-pot@run", "type": "run", "defined_in": "/home/miniharambi/Desktop/Kalk/Kalkulaator_GTK4/po/meson.build", "filename": ["/home/miniharambi/Desktop/Kalk/Kalkulaator_GTK4/builddir/po/kalkulaator-pot"], "build_by_default": false, "target_sources": [], "extra_files": [], "subproject": null, "installed": false}, {"name": "kalkulaator-gmo", "id": "6199aec@@kalkulaator-gmo@run", "type": "run", "defined_in": "/home/miniharambi/Desktop/Kalk/Kalkulaator_GTK4/po/meson.build", "filename": ["/home/miniharambi/Desktop/Kalk/Kalkulaator_GTK4/builddir/po/kalkulaator-gmo"], "build_by_default": false, "target_sources": [], "extra_files": [], "subproject": null, "installed": false}, {"name": "kalkulaator-update-po", "id": "6199aec@@kalkulaator-update-po@run", "type": "run", "defined_in": "/home/miniharambi/Desktop/Kalk/Kalkulaator_GTK4/po/meson.build", "filename": ["/home/miniharambi/Desktop/Kalk/Kalkulaator_GTK4/builddir/po/kalkulaator-update-po"], "build_by_default": false, "target_sources": [], "extra_files": [], "subproject": null, "installed": false}]