{"meson_version": {"full": "0.61.2", "major": 0, "minor": 61, "patch": 2}, "directories": {"source": "/home/miniharambi/Desktop/Kalk/Kalkulaator_GTK4", "build": "/home/miniharambi/Desktop/Kalk/Kalkulaator_GTK4/builddir", "info": "/home/miniharambi/Desktop/Kalk/Kalkulaator_GTK4/builddir/meson-info"}, "introspection": {"version": {"full": "1.0.0", "major": 1, "minor": 0, "patch": 0}, "information": {"benchmarks": {"file": "intro-benchmarks.json", "updated": true}, "buildoptions": {"file": "intro-buildoptions.json", "updated": true}, "buildsystem_files": {"file": "intro-buildsystem_files.json", "updated": true}, "dependencies": {"file": "intro-dependencies.json", "updated": true}, "installed": {"file": "intro-installed.json", "updated": true}, "install_plan": {"file": "intro-install_plan.json", "updated": true}, "projectinfo": {"file": "intro-projectinfo.json", "updated": true}, "targets": {"file": "intro-targets.json", "updated": true}, "tests": {"file": "intro-tests.json", "updated": true}}}, "build_files_updated": true, "error": false}