{
    "app-id" : "org.github.kalkulaator",
    "runtime" : "org.gnome.Platform",
    "runtime-version" : "master",
    "sdk" : "org.gnome.Sdk",
    "command" : "kalkulaator",
    "finish-args" : [
        "--share=network",
        "--share=ipc",
        "--socket=fallback-x11",
        "--device=dri",
        "--socket=wayland"
    ],
    "cleanup" : [
        "/include",
        "/lib/pkgconfig",
        "/man",
        "/share/doc",
        "/share/gtk-doc",
        "/share/man",
        "/share/pkgconfig",
        "*.la",
        "*.a"
    ],
    "modules" : [
        {
            "name" : "kalkulaator",
            "builddir" : true,
            "buildsystem" : "meson",
            "sources" : [
                {
                    "type" : "git",
                    "url" : "file:///home/miniharambi/Desktop/Kalk/Kalkulaator"
                }
            ]
        }
    ]
}
